<?xml version="1.0" encoding="UTF-8"?>
<objects serializationModel="Studio.02.02.00">
	<object class="ParameterPreset" id="{a90f55f7-7286-4723-948c-cfa8ad196f87}">
		<property name="name">
			<value>Parameter 1</value>
		</property>
		<relationship name="folder">
			<destination>{5cbe8665-2f47-4c86-8440-f326d9e209a1}</destination>
		</relationship>
		<relationship name="parameter">
			<destination>{5323930e-8adf-4cd3-9ed7-81251b9f7384}</destination>
		</relationship>
	</object>
	<object class="GameParameter" id="{5323930e-8adf-4cd3-9ed7-81251b9f7384}">
		<property name="parameterType">
			<value>2</value>
		</property>
		<property name="maximum">
			<value>3</value>
		</property>
		<property name="enumerationLabels">
			<value>init</value>
			<value>mid</value>
			<value>hard</value>
		</property>
		<property name="initialValue">
			<value>0</value>
		</property>
	</object>
</objects>
