<?xml version="1.0" encoding="UTF-8"?>
<objects serializationModel="Studio.02.02.00">
	<object class="MixerMaster" id="{cbf8922c-7abd-414b-b10f-36305caa1422}">
		<property name="name">
			<value>Master Bus</value>
		</property>
		<relationship name="effectChain">
			<destination>{54d16f7f-f15a-4c42-b8c9-c5816e77beb2}</destination>
		</relationship>
		<relationship name="panner">
			<destination>{93fa6ec2-13c3-4411-a002-aa6ff5dffbca}</destination>
		</relationship>
		<relationship name="mixer">
			<destination>{7a38106e-94bd-4be9-94f6-0660ced80ba3}</destination>
		</relationship>
	</object>
	<object class="MixerBusEffectChain" id="{54d16f7f-f15a-4c42-b8c9-c5816e77beb2}">
		<relationship name="effects">
			<destination>{188f78a8-9946-44f3-8c50-8acfe3f7fa10}</destination>
		</relationship>
	</object>
	<object class="MixerBusPanner" id="{93fa6ec2-13c3-4411-a002-aa6ff5dffbca}">
		<property name="overridingOutputFormat">
			<value>2</value>
		</property>
	</object>
	<object class="MixerBusFader" id="{188f78a8-9946-44f3-8c50-8acfe3f7fa10}" />
</objects>
