<?xml version="1.0" encoding="UTF-8"?>
<objects serializationModel="Studio.02.02.00">
	<object class="Workspace" id="{6e8ed7cf-66e0-4d84-9e21-b6b92aae867d}">
		<relationship name="masterEventFolder">
			<destination>{e84f85fb-7476-4ace-87c5-69937e159d46}</destination>
		</relationship>
		<relationship name="masterTagFolder">
			<destination>{f477cb37-b158-4589-96a8-fbb319bd0cfa}</destination>
		</relationship>
		<relationship name="masterEffectPresetFolder">
			<destination>{aae526d3-ed9a-4b68-a904-f95d2735ad0c}</destination>
		</relationship>
		<relationship name="masterParameterPresetFolder">
			<destination>{5cbe8665-2f47-4c86-8440-f326d9e209a1}</destination>
		</relationship>
		<relationship name="masterBankFolder">
			<destination>{0346d4e1-6b9d-42d9-bb94-495a6af3f72d}</destination>
		</relationship>
		<relationship name="masterSandboxFolder">
			<destination>{ba7fc528-5abd-4322-82fc-1a0ad35cab7f}</destination>
		</relationship>
		<relationship name="masterAssetFolder">
			<destination>{1a94e470-3414-40d4-9c33-e0cbe4076fd1}</destination>
		</relationship>
		<relationship name="mixer">
			<destination>{7a38106e-94bd-4be9-94f6-0660ced80ba3}</destination>
		</relationship>
		<relationship name="profilerSessionFolder">
			<destination>{11cb306f-071d-4db9-98a2-34ff92dac924}</destination>
		</relationship>
		<relationship name="platforms">
			<destination>{5e42e366-fd6c-494c-97a6-75286792ccfc}</destination>
		</relationship>
	</object>
</objects>
