<?xml version="1.0" encoding="UTF-8"?>
<objects serializationModel="Studio.02.02.00">
	<object class="EncodingSetting" id="{d5bc3606-681a-4a60-9990-494cc1b5fe11}">
		<property name="encodingFormat">
			<value>3</value>
		</property>
		<property name="quality">
			<value>37</value>
		</property>
		<relationship name="platform">
			<destination>{5e42e366-fd6c-494c-97a6-75286792ccfc}</destination>
		</relationship>
		<relationship name="encodable">
			<destination>{5e42e366-fd6c-494c-97a6-75286792ccfc}</destination>
		</relationship>
	</object>
</objects>
