<?xml version="1.0" encoding="UTF-8"?>
<objects serializationModel="Studio.02.02.00">
	<object class="AudioFile" id="{5dbe5184-6bfb-42ab-8b29-9f2b4fefe10e}">
		<property name="assetPath">
			<value>miri/50sAnnouncer.wav</value>
		</property>
		<property name="isStreaming">
			<value>true</value>
		</property>
		<property name="frequencyInKHz">
			<value>48</value>
		</property>
		<property name="channelCount">
			<value>2</value>
		</property>
		<property name="length">
			<value>75.000458333333327</value>
		</property>
		<relationship name="masterAssetFolder">
			<destination>{1a94e470-3414-40d4-9c33-e0cbe4076fd1}</destination>
		</relationship>
	</object>
</objects>
