<?xml version="1.0" encoding="UTF-8"?>
<objects serializationModel="Studio.02.02.00">
	<object class="AudioFile" id="{77c2adee-1e8d-4e94-b746-2b26232d91da}">
		<property name="assetPath">
			<value>miri/tictac.mp3</value>
		</property>
		<property name="isStreaming">
			<value>true</value>
		</property>
		<property name="frequencyInKHz">
			<value>44.0999985</value>
		</property>
		<property name="channelCount">
			<value>2</value>
		</property>
		<property name="length">
			<value>40.411428571428573</value>
		</property>
		<relationship name="masterAssetFolder">
			<destination>{1a94e470-3414-40d4-9c33-e0cbe4076fd1}</destination>
		</relationship>
	</object>
</objects>
