<?xml version="1.0" encoding="UTF-8"?>
<objects serializationModel="Studio.02.02.00">
	<object class="AudioFile" id="{cc4568f7-cfe1-4eb2-94b7-5ce04b8003e2}">
		<property name="assetPath">
			<value>miri/goodjob.wav</value>
		</property>
		<property name="frequencyInKHz">
			<value>48</value>
		</property>
		<property name="channelCount">
			<value>2</value>
		</property>
		<property name="length">
			<value>1.9199999999999999</value>
		</property>
		<relationship name="masterAssetFolder">
			<destination>{1a94e470-3414-40d4-9c33-e0cbe4076fd1}</destination>
		</relationship>
	</object>
</objects>
